to-brian.hoskins@enron.com:930
to-brian.hoskins@enron.com:932
to-brian.hoskins@enron.com:933
to-brian.hoskins@enron.com:954
to-brian.hoskins@enron.com:983
to-brian.orourke@enron.com:637
to-bridgette.anderson@enron.com:488
to-bruce.ferrell@enron.com:76
to-bs_stone@yahoo.com:10
to-bs_stone@yahoo.com:12
to-bs_stone@yahoo.com:35
to-bs_stone@yahoo.com:69
to-buck.buckner@honeywell.com:627
to-c@enron.com:506
to-calxa@aol.com:237
to-candace.womack@enron.com:257
to-capstone@texas.net:781
to-caroline.abramo@enron.com:661
to-caroline.abramo@enron.com:748
to-caroline.abramo@enron.com:774
to-carrie.robert@enron.com:795
to-catherine.pernot@enron.com:756
to-cbpres@austin.rr.com,llewter@austin.rr.com:559
to-cbpres@austin.rr.com,llewter@austin.rr.com:570
to-cbpres@austin.rr.com:29
to-cbpres@austin.rr.com:31
to-cbpres@austin.rr.com:413
to-cbpres@austin.rr.com:427
to-cbpres@austin.rr.com:428
to-cbpres@austin.rr.com:436
to-cbpres@austin.rr.com:437
to-cbpres@austin.rr.com:442
to-cbpres@austin.rr.com:445
to-cbpres@austin.rr.com:458
to-cbpres@austin.rr.com:462
to-cbpres@austin.rr.com:499
to-cbpres@austin.rr.com:510
to-cbpres@austin.rr.com:514
to-cbpres@austin.rr.com:518
to-cbpres@austin.rr.com:545
to-cbpres@austin.rr.com:573
to-cbpres@austin.rr.com:584
to-cbpres@austin.rr.com:590
to-cbpres@austin.rr.com:613
to-celeste.roberts@enron.com:132
to-chad.landry@enron.com:335
to-chad.landry@enron.com:596
to-chad.landry@enron.com:599
to-chaz.vaughan@enron.com,stephen.morse@enron.com:710
to-chaz.vaughan@enron.com,stephen.morse@enron.com:727
to-chris.gaskill@enron.com:109
to-christi.nicolay@enron.com,james.steffes@enron.com,jeff.dasovich@enron.com,joe.hartsoe@enron.com,mary.hain@enron.com,pallen@enron.com,pkaufma@enron.com,richard.sanders@enron.com,richard.shapiro@enron.com,stephanie.miller@enron.com,steven.kean@enron.com,susan.mara@enron.com,rebecca.cantrell@enron.com:122
to-christi.nicolay@enron.com,james.steffes@enron.com,jeff.dasovich@enron.com,joe.hartsoe@enron.com,mary.hain@enron.com,pallen@enron.com,pkaufma@enron.com,richard.sanders@enron.com,richard.shapiro@enron.com,stephanie.miller@enron.com,steven.kean@enron.com,susan.mara@enron.com:209
to-christi.nicolay@enron.com:318
to-christine_zerilli@lotus.com,ddalessa@sempratrading.com,eric_carlstrom@ars.aon.com,ecarlst@aol.com,votruba@worldnet.att.net,lew_g._williams@aep.com,bak2texas@msn.com,legs1@optonline.net,mzerilli@optonline.net,rvotruba@eliaspress.com,szerilli@optonline.net,sah51099@cs.com,jarnold@enron.com:825
to-christopher.calger@enron.com:23
to-cindy.cicchetti@enron.com:19
to-cindy.long@enron.com:65
to-colin.tonks@enron.com:591
to-colleen.koenig@enron.com,jennifer.stewart@enron.com,sarah-joy.hunter@enron.com:630
to-colleen.koenig@enron.com:690
to-colleen.koenig@enron.com:719
to-colleen.sullivan@enron.com:100
to-colleen.sullivan@enron.com:452
to-colleen.sullivan@enron.com:475
to-colleen.sullivan@enron.com:74
to-cooper.richey@enron.com:59
to-cooper.richey@enron.com:90
to-cooper.richey@enron.com:92
to-cooper.richey@enron.com:93
to-craig.brown@enron.com:995
to-daniel.coleman@enron.com:884
to-david.delainey@enron.com:5
to-david.delainey@enron.com:598
to-david.dupre@enron.com:787
to-david.forster@enron.com,john.arnold@enron.com,dutch.quigley@enron.com:819
to-david.forster@enron.com:735
to-david.forster@enron.com:846
to-david.forster@enron.com:914
to-david.forster@enron.com:989
to-david.forster@enron.com:992
to-david.l.johnson@enron.com,john.shafer@enron.com:611
to-david.pruner@enron.com:931
to-david.wile@enron.com:189
to-dawn.kenne@enron.com:179
to-dawn.kenne@enron.com:566
to-dawn.kenne@enron.com:592
to-dawn.kenne@enron.com:593
to-dean.sacerdote@enron.com,phillip.allen@enron.com:253
to-debe@fsddatasvc.com:61
to-del@living.com:418
to-denisjr@ev1.net:377
to-dennisjr@ev1.net:376
to-dexter@intelligencepress.com:515
to-dexter@intelligencepress.com:56
to-dexter@intelligencepress.com:609
to-djack@keyad.com:419
to-djack@stic.net:424
to-don.black@enron.com:432
to-dorothy.woster@enron.com:700
to-dutch.quigley@enron.com,errol.mclaughlin@enron.com:950
to-dutch.quigley@enron.com:633
to-dutch.quigley@enron.com:640
to-dutch.quigley@enron.com:667
to-dutch.quigley@enron.com:944
to-dwagman@ftenergy.com:211
to-ed.mcmichael@enron.com:643
to-ed.mcmichael@enron.com:647
to-edie.leschber@enron.com:648
to-edie.leschber@enron.com:656
to-efraser@anderson.ucla.edu:1000
to-efraser@anderson.ucla.edu:994
to-einsighthtml@spector.ftenergy.com:280
to-eleanor.fraser.2002@anderson.ucla.edu:966
to-eligible.employees@enron.com:789
to-energyinsight@spector.ftenergy.com:242
to-enews@mail.pipingtech.com:649
to-eric.benson@enron.com:319
to-eric.thode@enron.com:780
to-eric.thode@enron.com:976
to-errol.mclaughlin@enron.com:826
to-errol.mclaughlin@enron.com:836
to-faith.killen@enron.com:585
to-felix.buitron@enron.com:144
to-felix.buitron@enron.com:164
to-fernley.dyson@enron.com:840
to-fernley.dyson@enron.com:918
to-fescofield@1411west.com:549
to-fletcher.sturm@enron.com,hunter.shively@enron.com:121
to-fletcher.sturm@enron.com,hunter.shively@enron.com:259
to-fletcher.sturm@enron.com:210
to-frances.ortiz@enron.com:782
to-frank.davis@enron.com,niamh.clarke@enron.com,sonya.clarke@enron.com:126
to-frank.ermis@enron.com,steven.south@enron.com:191
to-frank.ermis@enron.com:118
to-frank.ermis@enron.com:478
to-frank.ermis@enron.com:479
to-frank.ermis@enron.com:485
to-frank.hayden@enron.com:321
to-frank.hayden@enron.com:42
to-frank.hayden@enron.com:454
to-frank.hayden@enron.com:730
to-frank.hayden@enron.com:816
to-frank.hayden@enron.com:965
to-frank.hayden@enron.com:985
to-gallen@thermon.com:481
to-gallen@thermon.com:552
to-gary.hickerson@enron.com:908
to-gary.taylor@enron.com:142
to-gary.taylor@enron.com:910
to-gary.taylor@enron.com:927
to-gary.taylor@enron.com:997
to-gary@creativepanel.com:312
to-gary@creativepanel.com:317
to-george.rahal@acnpower.com:248
to-george.wasaff@enron.com,kelly.higgason@enron.com,robert.johansen@enron.com,calvin.eakins@enron.com,jennifer.medcalf@enron.com,john.gillespie@enron.com:717
to-george.wasaff@enron.com:907
to-greg.piper@enron.com:608
to-greg.piper@enron.com:610
to-greg.whalley@enron.com,john.lavorato@enron.com,louise.kitchen@enron.com:769
to-greg.whalley@enron.com:644
to-greg.whalley@enron.com:741
to-greg.whalley@enron.com:988
to-gthorse@keyad.com,djack@keyad.com:409
to-gthorse@keyad.com:378
to-gthorse@keyad.com:382
to-gthorse@keyad.com:389
to-gthorse@keyad.com:403
to-gthorse@keyad.com:417
to-hargr@webtv.net:127
to-hargr@webtv.net:183
to-hargr@webtv.net:186
to-heather.alon@enron.com:845
to-hector.campos@enron.com:185
to-heidi.smith@enron.com:984
to-hrobertson@hbk.com:967
to-hrobertson@hbk.com:975
to-hunter.shively@enron.com,jonathan.mckay@enron.com:935
to-hunter.shively@enron.com:108
to-hunter.shively@enron.com:123
to-hunter.shively@enron.com:171
to-hunter.shively@enron.com:240
to-imelda.frayre@enron.com:229
to-ina.rangel@enron.com,monique.sanchez@enron.com:215
to-ina.rangel@enron.com:102
to-ina.rangel@enron.com:103
to-ina.rangel@enron.com:131
to-ina.rangel@enron.com:136
to-ina.rangel@enron.com:138
to-ina.rangel@enron.com:146
to-ina.rangel@enron.com:148
to-ina.rangel@enron.com:18
to-ina.rangel@enron.com:184
to-ina.rangel@enron.com:20
to-ina.rangel@enron.com:203
to-ina.rangel@enron.com:21
to-ina.rangel@enron.com:213
to-ina.rangel@enron.com:24
to-ina.rangel@enron.com:25
to-ina.rangel@enron.com:303
to-ina.rangel@enron.com:304
to-ina.rangel@enron.com:334
to-ina.rangel@enron.com:359
to-ina.rangel@enron.com:393
to-ina.rangel@enron.com:48
to-ina.rangel@enron.com:497
to-ina.rangel@enron.com:50
to-ina.rangel@enron.com:507
to-ina.rangel@enron.com:52
to-ina.rangel@enron.com:528
to-ina.rangel@enron.com:530
to-ina.rangel@enron.com:54
to-ina.rangel@enron.com:583
to-ina.rangel@enron.com:60
to-ina.rangel@enron.com:639
to-ina.rangel@enron.com:679
to-ina.rangel@enron.com:680
to-ina.rangel@enron.com:682
to-ina.rangel@enron.com:697
to-ina.rangel@enron.com:7
to-ina.rangel@enron.com:704
to-ina.rangel@enron.com:747
to-ina.rangel@enron.com:80
to-ina.rangel@enron.com:866
to-ina.rangel@enron.com:887
to-ina.rangel@enron.com:889
to-ina.rangel@enron.com:898
to-ina.rangel@enron.com:899
to-ina.rangel@enron.com:9
to-ina.rangel@enron.com:91
to-ina.rangel@enron.com:913
to-ina.rangel@enron.com:937
to-ina.rangel@enron.com:947
to-ina.rangel@enron.com:958
to-ina.rangel@enron.com:974
to-info@geoswan.com:500
to-information.management@enron.com:416
to-jacquestc@aol.com:356
to-jacquestc@aol.com:360
to-jacquestc@aol.com:365
to-jacquestc@aol.com:375
to-jacquestc@aol.com:384
to-jacquestc@aol.com:390
to-jacquestc@aol.com:394
to-jacquestc@aol.com:397
to-jacquestc@aol.com:410
to-jacquestc@aol.com:411
to-jacquestc@aol.com:453
to-jacquestc@aol.com:457
to-jacquestc@aol.com:484
to-jacquestc@aol.com:495
to-james.steffes@enron.com,joe.hartsoe@enron.com,susan.mara@enron.com,jeff.dasovich@enron.com,richard.shapiro@enron.com,steven.kean@enron.com,richard.sanders@enron.com,stephanie.miller@enron.com,christi.nicolay@enron.com,mary.hain@enron.com,pkaufma@enron.com,pallen@enron.com:220
to-james.steffes@enron.com:301
to-james.steffes@enron.com:541
to-james_naughton@em.fcnbd.com:971
to-jamest@kinkos.com:796
to-jarnold@enron.com:755
to-jarnold@enron.com:791
to-jarnold@enron.com:798
to-jarnold@enron.com:815
to-jarnold@enron.com:820
to-jason.moore@enron.com:564
to-jay.reitmeyer@enron.com:392
to-jay.reitmeyer@enron.com:578
to-jay.webb@enron.com,andy.zipper@enron.com:634
to-jeanie.slone@enron.com:459
to-jeanie.slone@enron.com:678
to-jeanie.slone@enron.com:835
to-jeannine.peaker@idrc.org:729
to-jedglick@hotmail.com:621
to-jeff.dasovich@enron.com:176
to-jeff.gooden@compaq.com,david.spurlin@compaq.com,bob.jordan@compaq.com:721
to-jeff.pesot@verso.com:786
to-jeff.richter@enron.com,robert.badeer@enron.com,tim.belden@enron.com:606
to-jeff.richter@enron.com,tim.belden@enron.com,tim.heizenrader@enron.com:344
to-jeff.richter@enron.com,tim.belden@enron.com:160
to-jeff.richter@enron.com:161
to-jeff.richter@enron.com:162
to-jeff.richter@enron.com:401
to-jeff.richter@enron.com:501
to-jeff.richter@enron.com:502
to-jeff.richter@enron.com:605
to-jeff.youngflesh@enron.com:716
to-jeff.youngflesh@enron.com:784
to-jeffrey.gossett@enron.com,sally.beck@enron.com:498
to-jeffrey.gossett@enron.com:169
to-jeffrey.hodge@enron.com:15
to-jeffrey.shankman@enron.com:635
to-jeffrey.shankman@enron.com:638
to-jeffrey.shankman@enron.com:646
to-jeffrey.shankman@enron.com:714
to-jeffrey.shankman@enron.com:904
to-jeffrey.shankman@enron.com:949
to-jeffrey.shankman@enron.com:986
to-jennifer.burns@enron.com:869
to-jennifer.burns@enron.com:874
to-jennifer.burns@enron.com:877
to-jennifer.burns@enron.com:909
to-jennifer.burns@enron.com:911
to-jennifer.burns@enron.com:912
to-jennifer.burns@enron.com:919
to-jennifer.burns@enron.com:925
to-jennifer.fraser@enron.com:660
to-jennifer.fraser@enron.com:662
to-jennifer.fraser@enron.com:664
to-jennifer.fraser@enron.com:670
to-jennifer.fraser@enron.com:677
to-jennifer.fraser@enron.com:726
to-jennifer.fraser@enron.com:890
to-jennifer.fraser@enron.com:923
to-jennifer.fraser@enron.com:936
to-jennifer.fraser@enron.com:955
to-jennifer.fraser@enron.com:980
to-jennifer.fraser@enron.com:981
to-jennifer.medcalf@enron.com,david.spurlin@compaq.com,jeff.gooden@compaq.com:703
to-jennifer.medcalf@enron.com:652
to-jennifer.medcalf@enron.com:663
to-jennifer.medcalf@enron.com:674
to-jennifer.medcalf@enron.com:685
to-jennifer.medcalf@enron.com:687
to-jennifer.medcalf@enron.com:689
to-jennifer.medcalf@enron.com:691
to-jennifer.medcalf@enron.com:692
to-jennifer.medcalf@enron.com:693
to-jennifer.medcalf@enron.com:694
to-jennifer.medcalf@enron.com:696
to-jennifer.medcalf@enron.com:701
to-jennifer.medcalf@enron.com:702
to-jennifer.medcalf@enron.com:709
to-jennifer.medcalf@enron.com:711
to-jennifer.medcalf@enron.com:713
to-jennifer.medcalf@enron.com:773
to-jennifer.medcalf@enron.com:818
to-jennifer.medcalf@enron.com:829
to-jennifer.medcalf@enron.com:862
to-jennifer.medcalf@enron.com:873
to-jennifer.medcalf@enron.com:895
to-jennifer.medcalf@enron.com:940
to-jennifer.medcalf@enron.com:973
to-jennifer.shipos@enron.com:665
to-jennifer.shipos@enron.com:676
to-jennifer.shipos@enron.com:783
to-jennifer.shipos@enron.com:881
to-jennifer.stewart@enron.com:712
to-jennifer.stewart@enron.com:906
to-jennifer.stewart@enron.com:962
to-jenwhite7@zdnetonebox.com:683
to-jenwhite7@zdnetonebox.com:684
to-jenwhite7@zdnetonebox.com:738
to-jenwhite7@zdnetonebox.com:811
to-jenwhite7@zdnetonebox.com:822
to-jenwhite7@zdnetonebox.com:837
to-jenwhite7@zdnetonebox.com:849
to-jenwhite7@zdnetonebox.com:850
to-jenwhite7@zdnetonebox.com:852
to-jenwhite7@zdnetonebox.com:871
to-jenwhite7@zdnetonebox.com:875
to-jenwhite7@zdnetonebox.com:883
to-jenwhite7@zdnetonebox.com:891
to-jess.hewitt@enron.com:383
to-jhershey@sempratrading.com:351
to-jhershey@sempratrading.com:353
to-jim.brysch@enron.com:225
to-jim.brysch@enron.com:254
to-jim.schwieger@enron.com:777
to-jim.schwieger@enron.com:957
to-jim123@pdq.net:430
to-jim123@pdq.net:560
to-jnathan@nacore.com:990
to-john.arnold@enron.com,matthew.arnold@enron.com:801
to-john.arnold@enron.com,mike.maggi@enron.com:752
to-john.arnold@enron.com:728
to-john.arnold@enron.com:732
to-john.arnold@enron.com:742
to-john.arnold@enron.com:743
to-john.arnold@enron.com:744
to-john.arnold@enron.com:750
to-john.arnold@enron.com:753
to-john.arnold@enron.com:754
to-john.arnold@enron.com:760
to-john.arnold@enron.com:764
to-john.arnold@enron.com:766
to-john.arnold@enron.com:767
to-john.arnold@enron.com:771
to-john.arnold@enron.com:772
to-john.arnold@enron.com:778
to-john.arnold@enron.com:779
to-john.arnold@enron.com:788
to-john.arnold@enron.com:790
to-john.arnold@enron.com:799
to-john.arnold@enron.com:804
to-john.arnold@enron.com:805
to-john.arnold@enron.com:821
to-john.arnold@enron.com:823
to-john.arnold@enron.com:824
to-john.arnold@enron.com:859
to-john.arnold@enron.com:956
to-john.gillespie@enron.com,derryl.cleaveland@enron.com,robert.johansen@enron.com,calvin.eakins@enron.com,kelly.higgason@enron.com,drew.ries@enron.com,trang.dinh@enron.com,jennifer.medcalf@enron.com,george.wasaff@enron.com:695
to-john.griffith@enron.com:642
to-john.griffith@enron.com:924
to-john.griffith@enron.com:945
to-john.lavorato@enron.com,beth.perlman@enron.com,hunter.shively@enron.com,scott.neal@enron.com,thomas.martin@enron.com,john.arnold@enron.com:115
to-john.lavorato@enron.com,jeffrey.shankman@enron.com:982
to-john.lavorato@enron.com:112
to-john.lavorato@enron.com:28
to-john.lavorato@enron.com:292
to-john.lavorato@enron.com:298
to-john.lavorato@enron.com:315
to-john.lavorato@enron.com:343
to-john.lavorato@enron.com:357
to-john.lavorato@enron.com:380
to-john.lavorato@enron.com:41
to-john.lavorato@enron.com:426
to-john.lavorato@enron.com:450
to-john.lavorato@enron.com:526
to-john.lavorato@enron.com:53
to-john.lavorato@enron.com:557
to-john.lavorato@enron.com:650
to-john.lavorato@enron.com:653
to-john.lavorato@enron.com:657
to-john.lavorato@enron.com:669
to-john.lavorato@enron.com:671
to-john.lavorato@enron.com:672
to-john.lavorato@enron.com:759
to-john.lavorato@enron.com:761
to-john.lavorato@enron.com:765
to-john.lavorato@enron.com:802
to-john.lavorato@enron.com:803
to-john.lavorato@enron.com:808
to-john.lavorato@enron.com:882
to-john.will@enron.com:688
to-john.will@enron.com:706
to-johnniebrown@juno.com:331
to-johnny.palmer@enron.com:467
to-jonathan.mckay@enron.com:565
to-joseph.deffner@enron.com:963
to-joyce.teixeira@enron.com:612
to-jsmith@austintx.com:114
to-jsmith@austintx.com:141
to-jsmith@austintx.com:167
to-jsmith@austintx.com:177
to-jsmith@austintx.com:194
to-jsmith@austintx.com:197
to-jsmith@austintx.com:22
to-jsmith@austintx.com:223
to-jsmith@austintx.com:233
to-jsmith@austintx.com:289
to-jsmith@austintx.com:291
to-jsmith@austintx.com:311
to-jsmith@austintx.com:32
to-jsmith@austintx.com:322
to-jsmith@austintx.com:33
to-jsmith@austintx.com:336
to-jsmith@austintx.com:338
to-jsmith@austintx.com:340
to-jsmith@austintx.com:342
to-jsmith@austintx.com:345
to-jsmith@austintx.com:40
to-jsmith@austintx.com:422
to-jsmith@austintx.com:423
to-jsmith@austintx.com:43
to-jsmith@austintx.com:466
to-jsmith@austintx.com:483
to-jsmith@austintx.com:489
to-jsmith@austintx.com:490
to-jsmith@austintx.com:504
to-jsmith@austintx.com:512
to-jsmith@austintx.com:531
to-jsmith@austintx.com:561
to-jsmith@austintx.com:571
to-jsmith@austintx.com:572
to-julie.gomez@enron.com:256
to-julie.gomez@enron.com:258
to-julie.pechersky@enron.com:333
to-karen.buckley@enron.com:328
to-karen.buckley@enron.com:337
to-kathie.grabstald@enron.com:812
to-kathy.moore@enron.com:27
to-keith.holst@enron.com,frank.ermis@enron.com,mike.grigsby@enron.com:339
to-keith.holst@enron.com,mike.grigsby@enron.com,frank.ermis@enron.com:386
to-keith.holst@enron.com,mike.grigsby@enron.com:486
to-keith.holst@enron.com:128
to-keith.holst@enron.com:153
to-keith.holst@enron.com:201
to-keith.holst@enron.com:206
to-keith.holst@enron.com:244
to-keith.holst@enron.com:246
to-keith.holst@enron.com:295
to-keith.holst@enron.com:3
to-keith.holst@enron.com:306
to-keith.holst@enron.com:308
to-keith.holst@enron.com:39
to-keith.holst@enron.com:4
to-keith.holst@enron.com:438
to-keith.holst@enron.com:446
to-keith.holst@enron.com:447
to-keith.holst@enron.com:449
to-keith.holst@enron.com:535
to-keith.holst@enron.com:540
to-keith.holst@enron.com:555
to-keith.holst@enron.com:617
to-keith.holst@enron.com:98
to-kendrick.brown@eia.doe.gov:830
to-kenneth.cooper@am.sony.com:951
to-kenneth.shulklapper@enron.com:150
to-kenneth.shulklapper@enron.com:181
to-kenneth.thibodeaux@enron.com:666
to-kevin.presto@enron.com:926
to-kevin.presto@enron.com:939
to-kholst@enron.com:16
to-kholst@enron.com:513
to-kim.bolton@enron.com:402
to-kim.godfrey@enron.com:631
to-kim.godfrey@enron.com:751
to-kimberly.olinger@enron.com:249
to-klarnold@flash.net:632
to-klarnold@flash.net:645
to-kolinge@enron.com:62
to-kori.loibl@enron.com:953
to-kori.loibl@enron.com:979
to-kristin.gandy@enron.com:999
to-kristin.walsh@enron.com:536
to-ksmalek@aep.com:813
to-laird.dyer@enron.com:182
to-larry.ciscon@enron.com,jeff.youngflesh@enron.com,steve.pearlman@enron.com,greg.reynolds@enron.com,jennifer.medcalf@enron.com:723
to-leah.arsdall@enron.com:624
to-leslie.lawner@enron.com:330
to-lisa.jacobson@enron.com,kevin.mcgowan@enron.com,daniel.reck@enron.com,matt.goering@enron.com,stuart.staley@enron.com,john.massey@enron.com,jeff.andrews@enron.com,adam.siegel@enron.com,kristin.quinn@enron.com,heather.mitchell@enron.com,elizabeth.howley@enron.com,scott.watson@enron.com,mark.dobler@enron.com,kevin.presto@enron.com,lloyd.will@enron.com,doug.gilbert-smith@enron.com,fletcher.sturm@enron.com,rogers.herndon@enron.com,robert.benson@enron.com,mark.davis@enron.com,ben.jacoby@enron.com,dave.kellermeyer@enron.com,mitch.robinson@enron.com,john.moore@enron.com,naveed.ahmed@enron.com,phillip.allen@enron.com,scott.neal@enron.com,elliot.mainzer@enron.com,richard.lewis@enron.com,jackie.gentle@enron.com,fiona.grant@enron.com,kate.bauer@enron.com,mark.schroeder@enron.com,john.shafer@enron.com,shelley.corman@enron.com,hap.boyd@enron.com,brian.stanley@enron.com,robert.moss@enron.com,jeffrey.keeler@enron.com,mary.schoen@enron.com,laura.glenn@enron.com,kathy.mongeon@enron.com,stacey.bolton@enron.com,rika.imai@enron.com,rob.bradley@enron.com,ann.schmidt@enron.com,ben.jacoby@enron.com,jake.thomas@enron.com,david.parquet@enron.com,lisa.yoho@enron.com,christi.nicolay@enron.com,harry.kingerski@enron.com,james.steffes@enron.com,ginger.dernehl@enron.com,richard.shapiro@enron.com,scott.affelt@enron.com,susan.worthen@enron.com,gavin.dillingham@enron.com,lora.sullivan@enron.com,john.hardy@enron.com,linda.robertson@enron.com,carolyn.cooney@enron.com,pat29@erols.com,marc.phillips@enron.com,gus.eghneim@enron.com,mark.palmer@enron.com,philip.davies@enron.com,nailia.dindarova@enron.com,richard.lewis@enron.com,john.chappell@enron.com,tracy.ralston@enron.com,maureen.mcvicker@enron.com:290
to-lisa.jones@enron.com:309
to-lkuch@mh.com:14
to-llewter@austin.rr.com:346
to-llewter@austin.rr.com:373
to-llewter@austin.rr.com:388
to-llewter@austin.rr.com:395
to-llewter@austin.rr.com:525
to-llewter@austin.rr.com:532
to-llewter@austin.rr.com:543
to-llewter@austin.rr.com:553
to-llewter@austin.rr.com:554
to-llewter@austin.rr.com:558
to-llewter@palm.net:575
to-lodonnell@spbank.com:465
to-lodonnell@spbank.com:469
to-louise.kitchen@enron.com:996
to-mac.d.hargrove@rssmb.com:120
to-mac.d.hargrove@rssmb.com:195
to-mac.d.hargrove@rssmb.com:567
to-mac.d.hargrove@rssmb.com:568
to-mac.d.hargrove@rssmb.com:84
to-mac.d.hargrove@rssmb.com:89
to-mac05@flash.net:196
to-margaret.allen@enron.com:806
to-margaret.allen@enron.com:838
to-margaret.allen@enron.com:839
to-margaret.allen@enron.com:841
to-margaret.allen@enron.com:843
to-margaret.allen@enron.com:848
to-margaret.allen@enron.com:853
to-margaret.allen@enron.com:854
to-margaret.allen@enron.com:855
to-margaret.allen@enron.com:857
to-margaret.allen@enron.com:861
to-margaret.allen@enron.com:865
to-margaret.allen@enron.com:894
to-margaret.allen@enron.com:896
to-margaret.allen@enron.com:901
to-margaret.allen@enron.com:903
to-margaret.allen@enron.com:905
to-margaret.allen@enron.com:917
to-margaret.allen@enron.com:921
to-margaret.allen@enron.com:922
to-margaret.allen@enron.com:952
to-margaret.allen@enron.com:961
to-margaret.allen@enron.com:972
to-mark.miles@enron.com:202
to-mark.scott@enron.com:625
to-mark.taylor@enron.com:354
to-mark.whitt@enron.com:476
to-mark@intelligencepress.com:67
to-mark@intelligencepress.com:68
to-mark@intelligencepress.com:71
to-mark@intelligencepress.com:72
to-market_alert@listserv.dowjones.com:55
to-marketing@sparesfinder.com:720
to-mary.gray@enron.com:324
to-mary.gray@enron.com:379
to-mary.gray@enron.com:516
to-maryrichards7@hotmail.com:170
to-maryrichards7@hotmail.com:188
to-maryrichards7@hotmail.com:200
to-maryrichards7@hotmail.com:207
to-maryrichards7@hotmail.com:214
to-maryrichards7@hotmail.com:218
to-maryrichards7@hotmail.com:222
to-maryrichards7@hotmail.com:224
to-maryrichards7@hotmail.com:227
to-maryrichards7@hotmail.com:230
to-maryrichards7@hotmail.com:232
to-maryrichards7@hotmail.com:236
to-maryrichards7@hotmail.com:239
to-maryrichards7@hotmail.com:241
to-maryrichards7@hotmail.com:269
to-maryrichards7@hotmail.com:273
to-matt.harris@enron.com,glenn.surowiec@enron.com:707
to-matt.harris@enron.com:698
to-matt.smith@enron.com:105
to-matt.smith@enron.com:398
to-matt.smith@enron.com:414
to-matthew.arnold@enron.com:794
to-matthew.arnold@enron.com:858
to-matthew.lenhart@enron.com,jane.tholt@enron.com,steven.south@enron.com,tori.kuykendall@enron.com,frank.ermis@enron.com:175
to-matthew.lenhart@enron.com,jay.reitmeyer@enron.com,matt.smith@enron.com:294
to-matthew.lenhart@enron.com,kenneth.shulklapper@enron.com:137
to-matthew.lenhart@enron.com,mike.grigsby@enron.com,keith.holst@enron.com,frank.ermis@enron.com,jay.reitmeyer@enron.com:70
to-matthew.lenhart@enron.com,mike.grigsby@enron.com:130
to-matthew.lenhart@enron.com:158
to-matthew.lenhart@enron.com:159
to-matthew.lenhart@enron.com:228
to-matthew.lenhart@enron.com:326
to-matthew.lenhart@enron.com:594
to-mbarksda@ems.jsc.nasa.gov:725
to-mccormick@elkus-manfredi.com,kopp@kinneret.kinneret.co.il,strawbale@crest.org:275
to-michael.byrne@americas.bnpparibas.com:886
to-michael.byrne@americas.bnpparibas.com:915
to-mike.grigsby@enron.com,frank.ermis@enron.com:57
to-mike.grigsby@enron.com,jane.tholt@enron.com,frank.ermis@enron.com,tori.kuykendall@enron.com:556
to-mike.grigsby@enron.com,keith.holst@enron.com,frank.ermis@enron.com,jane.tholt@enron.com,jay.reitmeyer@enron.com,tori.kuykendall@enron.com,matthew.lenhart@enron.com:297
to-mike.grigsby@enron.com,keith.holst@enron.com,frank.ermis@enron.com,jane.tholt@enron.com,steven.south@enron.com:107

to-mike.grigsby@enron.com,keith.holst@enron.com,frank.ermis@enron.com:385
to-mike.grigsby@enron.com,keith.holst@enron.com,frank.ermis@enron.com:443
to-mike.grigsby@enron.com,keith.holst@enron.com,frank.ermis@enron.com:587
to-mike.grigsby@enron.com,keith.holst@enron.com,matthew.lenhart@enron.com,frank.ermis@enron.com,jay.reitmeyer@enron.com:116
to-mike.grigsby@enron.com,keith.holst@enron.com,matthew.lenhart@enron.com,monique.sanchez@enron.com,randall.gay@enron.com,frank.ermis@enron.com,jane.tholt@enron.com,tori.kuykendall@enron.com,steven.south@enron.com,jay.reitmeyer@enron.com,susan.scott@enron.com:320
to-mike.grigsby@enron.com,keith.holst@enron.com:149
to-mike.grigsby@enron.com,keith.holst@enron.com:472
to-mike.grigsby@enron.com,keith.holst@enron.com:505
to-mike.grigsby@enron.com,keith.holst@enron.com:517
to-mike.grigsby@enron.com,keith.holst@enron.com:534
to-mike.grigsby@enron.com,keith.holst@enron.com:580
to-mike.grigsby@enron.com:192
to-mike.grigsby@enron.com:226
to-mike.grigsby@enron.com:234
to-mike.grigsby@enron.com:243
to-mike.grigsby@enron.com:323
to-mike.grigsby@enron.com:349
to-mike.grigsby@enron.com:433
to-mike.grigsby@enron.com:487
to-mike.grigsby@enron.com:492
to-mike.grigsby@enron.com:509
to-mike.grigsby@enron.com:523
to-mike.grigsby@enron.com:527
to-mike.grigsby@enron.com:745
to-mike.maggi@enron.com:636
to-mike.maggi@enron.com:654
to-mike.maggi@enron.com:655
to-mike.maggi@enron.com:733
to-mike.maggi@enron.com:734
to-mike.maggi@enron.com:793
to-mike.maggi@enron.com:834
to-mike.maggi@enron.com:860
to-mike.maggi@enron.com:872
to-mike.maggi@enron.com:960
to-mike.maggi@enron.com:964
to-mike.maggi@enron.com:978
to-mike_heggemen@hp.com,gerry_cashiola@hp.com,greg_pyle@hp.com,dan_morgridge@hp.com,peter.goebel@enron.com:762
to-monique.sanchez@enron.com:216
to-monique.sanchez@enron.com:362
to-moshuffle@hotmail.com:38
to-motaylor@grantthornton.ca:651
to-msagel@home.com:797
to-msagel@home.com:892
to-msagel@home.com:893
to-msagel@home.com:938
to-msagel@home.com:943
to-msagel@home.com:970
to-muller@thedoghousemail.com:26
to-muller@thedoghousemail.com:352
to-muller@thedoghousemail.com:63
to-muller@thedoghousemail.com:64
to-naomi.johnston@enron.com:278
to-ned.higgins@enron.com:314
to-nicholasnelson@centurytel.net:348
to-nick.politis@enron.com:520
to-outlook.team@enron.com:287
to-pallen@ect.enron.com:279
to-pallen@ect.enron.com:283
to-pallen@ect.enron.com:329
to-pallen@enron.com:1
to-pallen@enron.com:110
to-pallen@enron.com:219
to-pallen@enron.com:281
to-pallen@enron.com:282
to-pallen@enron.com:463
to-pallen@enron.com:581
to-pallen@enron.com:77
to-pallen@enron.com:99
to-pallen@hotmail.com:493
to-pallen70@hotmail.com:17
to-pallen70@hotmail.com:252
to-pallen70@hotmail.com:260
to-pallen70@hotmail.com:277
to-pallen70@hotmail.com:30
to-pallen70@hotmail.com:364
to-pallen70@hotmail.com:396
to-pallen70@hotmail.com:405
to-pallen70@hotmail.com:406
to-pallen70@hotmail.com:408
to-pallen70@hotmail.com:444
to-pallen70@hotmail.com:45
to-pallen70@hotmail.com:455
to-pallen70@hotmail.com:46
to-pallen70@hotmail.com:460
to-pallen70@hotmail.com:461
to-pallen70@hotmail.com:47
to-pallen70@hotmail.com:496
to-pallen70@hotmail.com:511
to-pallen70@hotmail.com:521
to-pallen70@hotmail.com:539
to-pallen70@hotmail.com:582
to-pallen70@hotmail.com:586
to-pallen70@hotmail.com:589
to-pallen70@hotmail.com:8
to-pallen70@hotmail.com:85
to-pallen70@hotmail.com:86
to-pallen70@hotmail.com:87
to-patrick.tucker@enron.com:705
to-patrick.tucker@enron.com:807
to-patti.sullivan@enron.com:519
to-patti.sullivan@enron.com:538
to-patti99@hotmail.com:276
to-paul.kaufman@enron.com:579
to-paul.lucci@enron.com,kenneth.shulklapper@enron.com:37
to-paul.lucci@enron.com:125
to-paula.harris@enron.com:529
to-paula.harris@enron.com:551
to-paula.harris@enron.com:562
to-paula.harris@enron.com:6
to-pfse@dynegy.com:959
to-phillip.allen@enron.com,barry.tycholiz@enron.com:374
to-phillip.allen@enron.com,john.arnold@enron.com,berney.aucoin@enron.com,sandra.brawner@enron.com,janet.dietrich@enron.com,julie.gomez@enron.com,keith.holst@enron.com,joseph.hrgovcic@enron.com,calvin.johnson@enron.com,heather.kendall@enron.com,thomas.martin@enron.com,jean.mrha@enron.com,scott.neal@enron.com,jim.schwieger@enron.com,jeffrey.shankman@enron.com,hunter.shively@enron.com,kenny.soignet@enron.com,colleen.sullivan@enron.com,chris.foster@enron.com,fred.lagrasta@enron.com,michael.cowan@enron.com,chris.connelly@enron.com,matthew.lenhart@enron.com,daniel.diamond@enron.com,per.sekse@enron.com,lee.papayoti@enron.com,liz.taylor@enron.com,kenneth.shulklapper@enron.com,marc.horowitz@enron.com,sunil.dalal@enron.com,clayton.vernon@enron.com,frank.hayden@enron.com,kimberly.hillis@enron.com,elsa.piekielniak@enron.com,sachin.gandhi@enron.com,paul.lucci@enron.com,caroline.abramo@enron.com,russell.dyk@enron.com,paul.bieniawski@enron.com,gregory.schockling@enron.com,mog.heu@enron.com:739
to-phillip.allen@enron.com,robina.barker-bennett@enron.com,richard.causey@enron.com,joseph.deffner@enron.com,andrew.fastow@enron.com,kevin.garland@enron.com,ken.rice@enron.com,eric.shaw@enron.com,hunter.shively@enron.com,stuart.staley@enron.com:288
to-phillip.allen@enron.com:231
to-phillip.allen@enron.com:274
to-phillip.allen@enron.com:307
to-phillip.allen@enron.com:391
to-phillip.allen@enron.com:441
to-phillip.allen@enron.com:66
to-phillip.allen@enron.com:675
to-phillip.allen@enron.com:88
to-phillip.k.allen@enron.com:285
to-phillip.k.allen@enron.com:332
to-phillip.k.allen@enron.com:341
to-phillip.k.allen@enron.com:440
to-rajib.saha@enron.com:885
to-randall.gay@enron.com:129
to-randall.gay@enron.com:607
to-ray.alvarez@enron.com:313
to-ray.alvarez@enron.com:316
to-rbandekow@home.com:620
to-retwell@sanmarcos.net:49
to-rgcurry@mihc.com.mx:880
to-rich@pira.com:58
to-richard.lewis@enron.com,john.lavorato@enron.com,jeffrey.shankman@enron.com,paul.mead@enron.com,david.gallagher@enron.com,gregor.baumerich@enron.com,john.arnold@enron.com,jim.fallon@enron.com:724
to-rlehmann@yahoo.com:300
to-rlehmann@yahoo.com:355
to-rlehmann@yahoo.com:358
to-rlehmann@yahoo.com:366
to-rlehmann@yahoo.com:372
to-rlehmann@yahoo.com:381
to-rlehmann@yahoo.com:421
to-robert.badeer@enron.com:163
to-robert.badeer@enron.com:420
to-robert.superty@enron.com:250
to-rsaltiel@enron.com:929
to-russ.whitton@enron.com:477
to-russell.diamond@enron.com:946
to-russell.dyk@enron.com:763
to-russell.dyk@enron.com:842
to-russell.dyk@enron.com:863
to-sara.solorio@enron.com:361
to-sarah-joy.hunter@enron.com:699
to-sarah-joy.hunter@enron.com:715
to-sarah-joy.hunter@enron.com:740
to-sarah.wesner@enron.com:746
to-sarah.wesner@enron.com:809
to-sarah.wesner@enron.com:897
to-sarah.wesner@enron.com:942
to-sarah.wesner@enron.com:987
to-sarah.wesner@enron.com:991
to-sarah.wesner@enron.com:993
to-savita.puthigai@enron.com:900
to-scfatkfa@caprock.net:367
to-scfatkfa@caprock.net:368
to-scott.carter@chase.com:156
to-scott.tholan@enron.com:187
to-scott.tholan@enron.com:595
to-scrimale.bob@bcg.com,scullion.chuck@bcg.com,jcwwh@aol.com,holsinger.jill@bcg.com,rudge.lori@bcg.com,pieroni.molly@bcg.com,vanyo.rebecca@bcg.com,padgett.rebekah@bcg.com,hill.thad@bcg.com,cox.john@bcg.com,pucket.j@bcg.com,nicol.ron@bcg.com,balagopal.balu@bcg.com,waddy@earthcareus.com,david.schaller.wg96@wharton.upenn.edu,karutz.george@bcg.com,jasonreed@wingatepartners.com,jim@smartprice.com,varadarajan.raj@bcg.com,jim@smartprice.com,john.arnold@enron.com,michael.wong@enron.com,sjones@dfw.scaconsulting.com:768
to-scrumbling@houstonballet.org:998
to-scsatkfa@caprock.net:369
to-scsatkfa@caprock.net:370
to-sheetal.patel@enron.com:920
to-slafontaine@globalp.com:673
to-slafontaine@globalp.com:736
to-slafontaine@globalp.com:737
to-slafontaine@globalp.com:749
to-slafontaine@globalp.com:757
to-slafontaine@globalp.com:758
to-slafontaine@globalp.com:775
to-slafontaine@globalp.com:776
to-slafontaine@globalp.com:792
to-slafontaine@globalp.com:810
to-slafontaine@globalp.com:888
to-slafontaine@globalp.com:902
to-slafontaine@globalp.com:934
to-slafontaine@globalp.com:977
to-slewis2@enron.com:263
to-smithf@epenergy.com:832
to-stagecoachmama@hotmail.com:101
to-stagecoachmama@hotmail.com:106
to-stagecoachmama@hotmail.com:113
to-stagecoachmama@hotmail.com:119
to-stagecoachmama@hotmail.com:147
to-stagecoachmama@hotmail.com:157
to-stagecoachmama@hotmail.com:166
to-stagecoachmama@hotmail.com:172
to-stagecoachmama@hotmail.com:173
to-stagecoachmama@hotmail.com:34
to-stagecoachmama@hotmail.com:347
to-stagecoachmama@hotmail.com:350
to-stagecoachmama@hotmail.com:36
to-stagecoachmama@hotmail.com:363
to-stagecoachmama@hotmail.com:399
to-stagecoachmama@hotmail.com:404
to-stagecoachmama@hotmail.com:415
to-stagecoachmama@hotmail.com:435
to-stagecoachmama@hotmail.com:456
to-stagecoachmama@hotmail.com:468
to-stagecoachmama@hotmail.com:470
to-stagecoachmama@hotmail.com:474
to-stagecoachmama@hotmail.com:480
to-stagecoachmama@hotmail.com:482
to-stagecoachmama@hotmail.com:494
to-stagecoachmama@hotmail.com:508
to-stagecoachmama@hotmail.com:522
to-stagecoachmama@hotmail.com:524
to-stagecoachmama@hotmail.com:533
to-stagecoachmama@hotmail.com:542
to-stagecoachmama@hotmail.com:546
to-stagecoachmama@hotmail.com:576
to-stagecoachmama@hotmail.com:577
to-stagecoachmama@hotmail.com:622
to-stagecoachmama@hotmail.com:628
to-stagecoachmama@hotmail.com:78
to-stagecoachmama@hotmail.com:79
to-stagecoachmama@hotmail.com:81
to-stagecoachmama@hotmail.com:82
to-stagecoachmama@hotmail.com:83
to-stanley.horton@enron.com,dmccarty@enron.com:293
to-stephane.brodeur@enron.com:204
to-stephanie.miller@enron.com,ruth.concannon@enron.com,jane.tholt@enron.com,tori.kuykendall@enron.com,randall.gay@enron.com,phillip.allen@enron.com,timothy.hamilton@enron.com,robert.superty@enron.com,colleen.sullivan@enron.com,donna.greif@enron.com,julie.gomez@enron.com:618
to-stephanie.sever@enron.com:668
to-stephanie.sever@enron.com:831
to-stephanie.sever@enron.com:94
to-stephen.harrington@enron.com,mary@enron.com:97
to-stephen.harrington@enron.com:95
to-stephen.stock@enron.com:600
to-stephen.wolfe@enron.com:221
to-steve.jacobellis@enron.com,mauricio.mora@enron.com,chris.figueroa@enron.com,sean.kiehne@enron.com,maria.arefieva@enron.com,john.kiani@enron.com,brian.terp@enron.com,robert.wheeler@enron.com,matthew.frank@enron.com,jennifer.bagwell@enron.com,scott.baukney@enron.com,victor.gonzalez@enron.com,john.gordon@enron.com,jeff.gray@enron.com,david.loosley@enron.com,aamir.maniar@enron.com,massimo.marolo@enron.com,vladi.pimenov@enron.com,reagan.rorschach@enron.com,zachary.sampson@enron.com,matt.smith@enron.com,joseph.wagner@enron.com,vincent.wagner@enron.com:198
to-steven.kean@enron.com,richard.shapiro@enron.com,james.steffes@enron.com,jeff.dasovich@enron.com,susan.mara@enron.com,paul.kaufman@enron.com,phillip.allen@enron.com,mary.hain@enron.com,christi.nicolay@enron.com,donna.fulton@enron.com,joe.hartsoe@enron.com,shelley.corman@enron.com:588
to-steven.kean@enron.com:563
to-steven.south@enron.com:208
to-stinson.gibner@enron.com:844
to-stouchstone@natsource.com:11
to-stouchstone@natsource.com:151
to-stouchstone@natsource.com:152
to-stouchstone@natsource.com:266
to-stouchstone@natsource.com:387
to-stouchstone@natsource.com:471
to-stouchstone@natsource.com:574
to-strawbale@crest.org,absteen@dakotacom.net:238
to-strawbale@crest.org:212
to-strawbale@crest.org:245
to-strawbale@crest.org:270
to-strawbale@crest.org:271
to-sunil.dalal@enron.com:96
to-sunil.dalal@enron.com:968
to-susan.scott@enron.com:491
to-suzanne.marshall@enron.com:190
to-suzanne.nicholie@enron.com:73
to-tammy.shepperd@enron.com:868
to-tara.piazze@enron.com:448
to-tara.sweitzer@enron.com:174
to-tara.sweitzer@enron.com:199
to-tara.sweitzer@enron.com:235
to-tara.sweitzer@enron.com:255
to-tara.sweitzer@enron.com:262
to-tbland@enron.com:548
to-thadwhite@avaya.com:851
to-thomas.martin@enron.com,mike.grigsby@enron.com,keith.holst@enron.com,jay.reitmeyer@enron.com,frank.ermis@enron.com:51
to-tim.belden@enron.com,kevin.mcgowan@enron.com,robert.badeer@enron.com,jeff.richter@enron.com:267
to-tim.belden@enron.com:145
to-tim.belden@enron.com:178
to-tim.belden@enron.com:286
to-tim.belden@enron.com:473
to-tim.heizenrader@enron.com:299
to-tim.heizenrader@enron.com:310
to-todd.burke@enron.com:400
to-tom.wilbeck@enron.com:731
to-tori.kuykendall@enron.com:302
to-tori.kuykendall@enron.com:412
to-torrey.moorer@enron.com:155
to-torrey.moorer@enron.com:658
to-torrey.moorer@enron.com:659
to-vladimir.gorny@enron.com:547
to-vladimir.gorny@enron.com:604
to-western.price.survey.contacts@proxy4.ba.best.com:111
to-western.price.survey.contacts@ren-3.cais.net:550
to-western.price.survey.contacts@ren-6.cais.net:13
to-william.kelly@enron.com,steve.jackson@enron.com,brent.price@enron.com:217
to-william.kelly@enron.com:247
to-william.kelly@enron.com:251
to-william.kelly@enron.com:261
to-wsx@wsx.wsex.com:876
to-ywang@enron.com,patti.sullivan@enron.com,phillip.k.allen@enron.com,jane.m.tholt@enron.com,mike.grigsby@enron.com:143
to-ywang@enron.com,patti.sullivan@enron.com,phillip.k.allen@enron.com,jane.m.tholt@enron.com,mike.grigsby@enron.com:165
to-ywang@enron.com,patti.sullivan@enron.com,phillip.k.allen@enron.com,jane.m.tholt@enron.com,mike.grigsby@enron.com:264
to-ywang@enron.com,patti.sullivan@enron.com,phillip.k.allen@enron.com,jane.m.tholt@enron.com,mike.grigsby@enron.com:296
to-ywang@enron.com,patti.sullivan@enron.com,phillip.k.allen@enron.com,jane.m.tholt@enron.com,mike.grigsby@enron.com:44
to-ywang@enron.com,patti.sullivan@enron.com,phillip.k.allen@enron.com,jane.m.tholt@enron.com,mike.grigsby@enron.com:602
to-ywang@enron.com:117
to-ywang@enron.com:134
to-zimam@enron.com:626
to-zyft02@yahoo.com:941